<?xml version="1.0" encoding="UTF-8"?>
<addon id="plugin.video.filmstarts_de" name="FilmStarts.de" version="2.1.5.4" provider-name="AddonScriptorDE">
    <requires>
        <import addon="xbmc.python" version="2.1.0"/>
    </requires>
    <extension point="xbmc.python.pluginsource" library="default.py">
        <provides>video</provides>
    </extension>
    <extension point="xbmc.addon.metadata">
        <platform>all</platform>
        <summary lang="de">Deutsche Trailer, Filmnews und Interviews</summary>
        <summary lang="en">German trailers, movie-news and interviews</summary>
        <language>de</language>
        <description lang="de">Deutsche Trailer, Filmnews und Interviews</description>
        <description lang="en">German trailers, movie-news and interviews</description>
        <license>GNU GENERAL PUBLIC LICENSE. Version 2, June 1991</license>
        <source>https://github.com/AddonScriptorDE/plugin.video.filmstarts_de</source>
        <forum>http://forum.xbmc.org/showthread.php?tid=132563</forum>
        <email>AddonScriptorDE at yahoo dot de</email>
        <website>http://www.filmstarts.de</website>
    </extension>
</addon>
