<?xml version="1.0" encoding="UTF-8"?>
<addon id="plugin.video.filmstarts_de" name="FilmStarts.de" version="2.1.5.11" provider-name="stemaj">
    <requires>
        <import addon="xbmc.python" version="2.1.0"/>
    </requires>
    <extension point="xbmc.python.pluginsource" library="default.py">
        <provides>video</provides>
    </extension>
    <extension point="xbmc.addon.metadata">
        <platform>all</platform>
        <summary lang="de">Deutsche Trailer</summary>
        <summary lang="en">German trailers</summary>
        <language>de</language>
        <description lang="de">Deutsche Trailer</description>
        <description lang="en">German trailers</description>
    </extension>
</addon>
