<?xml version="1.0" encoding="UTF-8"?>
<addon id="plugin.video.mediathekviewweb" name="MediathekViewWeb" version="1.0.3.1" provider-name="itouch5000">
    <requires>
        <import addon="xbmc.python" version="2.1.0"/>
        <import addon="script.module.requests" version="2.7.0"/>
    </requires>
    <extension point="xbmc.python.pluginsource" library="default.py">
        <provides>video</provides>
    </extension>
    <extension point="xbmc.addon.metadata">
        <platform>all</platform>
        <summary lang="en">A MediathekView client</summary>
        <description lang="en">MediathekViewWeb is a simple browser interface for accessing the movie list of the MediathekView project.</description>
        <summary lang="de">Ein MediathekView Client</summary>
		<description lang="de">MediathekViewWeb ist eine einfache Browser-Oberfläche für den Zugriff auf die Filmliste des MediathekView Projekts.</description>
        <license>GPL 2.0</license>
    </extension>
</addon>
