<?xml version="1.0" encoding="UTF-8" standalone="yes"?>
<addon id="plugin.video.aktuellekamera" name="Aktuelle Kamera" version="0.0.7" provider-name="stemaj">
    <requires>
        <import addon="xbmc.python" version="2.25.0"/>
        <import addon="script.module.routing" version="0.2.0"/>
        <import addon="script.module.urllib3" version="1.22"/>
    </requires>
    <extension point="xbmc.python.pluginsource" library="main.py">
        <provides>video</provides>
    </extension>
    <extension point="xbmc.addon.metadata">
        <summary lang="de_DE">Schau dir die gerade aktuell verfügbarste Nachrichtensendung an.</summary>
        <description lang="de_DE">Schau dir die gerade aktuell verfügbarste Nachrichtensendung an.</description>
        <language></language>
        <platform>all</platform>
        <license>MIT</license>
        <forum></forum>
        <website></website>
        <email>steffen.majaura@gmail.com</email>
        <source></source>
        <news></news>
        <disclaimer></disclaimer>
        <assets>
            <icon>resources/icon.png</icon>
            <fanart>resources/fanart.jpg</fanart>
        </assets>
    </extension>
</addon>
