<?xml version="1.0" encoding="UTF-8"?>
<addon id="plugin.audio.lkgdrehnow" name="LKG Drehnow" version="0.0.1" provider-name="stemaj">
    <requires>
        <import addon="xbmc.python" version="2.1.0"/>
    </requires>
    <extension point="xbmc.python.pluginsource" library="default.py">
        <provides>audio</provides>
    </extension>
    <extension point="xbmc.addon.metadata">
        <platform>all</platform>
        <summary lang="de">Predigten der LKG Drehnow</summary>
        <language>de</language>
		<description lang="de">Aktuelle Predigten der Landeskirchlichen Gemeinschaft Drehnow</description>
	</extension>
</addon>
