<?xml version="1.0" encoding="UTF-8" standalone="yes"?>
<addon id="repository.stemaj" name="Stemajs Repo" version="0.0.2" provider-name="stemaj">
	<extension point="xbmc.addon.repository" name="stemaj">
		<info compressed="true">https://raw.githubusercontent.com/stemaj/repository.stemaj/master/packages/addons.xml</info>
		<checksum>https://raw.githubusercontent.com/stemaj/repository.stemaj/master/packages/addons.xml.md5</checksum>
		<datadir zip="true">https://raw.githubusercontent.com/stemaj/repository.stemaj/master/packages/</datadir>
	</extension>
	<extension point="xbmc.addon.metadata">
		<summary>Stemaj's Addons</summary>
		<platform>all</platform>
	</extension>
</addon>
