<?xml version="1.0" encoding="UTF-8"?>
<addon id="plugin.audio.hoerbibel" name="Hörbibel" version="0.1.2" provider-name="stemaj">
    <requires>
        <import addon="xbmc.python" version="2.25.0"/>
    </requires>
    <extension point="xbmc.python.pluginsource" library="default.py">
        <provides>audio</provides>
    </extension>
    <extension point="xbmc.addon.metadata">
        <platform>all</platform>
        <summary lang="de">Hörbibel von bibelserver.com</summary>
        <language>de</language>
    </extension>
</addon>
